epoch,d_loss,g_loss
500,0.0990409106016159,2.8004703521728516
1000,0.24280032515525818,1.3627344369888306
