epoch,d_loss,g_loss
500,0.3572978079319,1.6976501941680908
1000,0.6755622029304504,0.7830531597137451
1500,0.5630276203155518,0.8570372462272644
2000,0.592086136341095,0.8928812742233276
2500,0.6250619888305664,0.81211256980896
3000,0.6314760446548462,0.7926753163337708
