epoch,d_loss,g_loss
500,0.6949503421783447,0.7175207138061523
1000,0.632233738899231,0.7871052622795105
1500,0.6560406684875488,0.7097945213317871
2000,0.6292474865913391,0.7906568050384521
2500,0.6757336854934692,0.6399552822113037
3000,0.6275981664657593,0.900249719619751
